dato1,caracter1,dato2,dato3
4,Y,84,191
62,I,92,16
68,X,14,88
76,C,57,5
33,U,176,134
75,L,29,200
127,L,99,44
191,I,68,166
168,A,166,1
13,W,93,111
71,L,168,199
158,M,131,148
36,T,160,133
172,H,158,179
107,X,89,155
122,V,200,148
78,Q,35,135
161,B,120,76
33,D,177,28
40,R,13,79
27,Q,5,8
113,H,185,66
104,W,12,81
195,W,177,157
178,R,79,34
68,S,74,58
33,B,8,130
126,S,24,76
25,E,177,96
179,D,0,147
182,U,32,73
64,A,169,176
52,P,63,156
105,B,117,197
179,I,187,110
2,J,169,87
74,V,40,109
123,Q,102,33
63,X,30,106
19,P,194,133
35,K,45,22
79,N,108,113
81,L,69,145
171,M,144,156
49,Q,94,101
130,F,1,123
63,I,180,109
82,E,48,30
155,M,35,15
0,D,143,63
143,F,91,47
92,F,87,151
19,N,27,142
89,H,196,64
177,Z,77,166
83,S,131,174
46,V,71,66
194,V,116,43
56,Q,65,90
149,V,164,144
91,M,149,41
33,Q,186,98
14,N,159,147
53,T,95,75
33,W,75,68
6,Y,116,132
40,Q,5,4
106,Z,124,87
0,H,181,172
99,S,50,198
196,F,31,82
49,C,97,169
74,A,14,176
113,R,144,25
158,S,43,117
32,B,56,183
4,A,90,19
183,U,39,21
64,V,152,10
62,U,118,75
178,C,99,142
67,M,102,185
24,W,6,9
29,Z,67,189
22,R,193,119
136,G,36,90
154,K,85,78
104,E,10,122
57,H,122,169
75,V,14,199
4,A,150,74
4,X,150,174
62,F,42,177
176,I,173,30
5,Q,154,14
25,C,145,63
93,R,69,186
93,R,133,176
37,X,200,152
161,R,81,19
172,H,15,180
3,Y,82,148
94,W,48,97
191,L,96,137
77,T,166,142
116,E,144,20
37,Y,112,31
161,J,18,126
47,Q,73,136
3,I,110,103
107,F,144,84
18,K,190,17
84,R,147,196
188,X,175,180
158,I,60,140
168,W,8,27
93,Y,0,191
164,P,145,96
167,H,8,63
6,L,174,193
51,I,143,186
186,R,8,116
69,A,150,186
70,T,106,79
170,H,156,158
170,O,133,87
172,V,49,149
2,Z,199,130
3,O,45,174
169,M,13,35
42,V,115,145
34,S,121,177
90,R,11,27
139,P,61,150
123,L,110,11
49,Q,113,128
179,M,127,91
118,M,133,192
30,D,125,185
13,A,187,150
117,T,26,176
47,W,103,191
89,R,48,53
65,H,65,101
89,I,0,54
165,T,22,49
43,L,49,41
48,T,196,19
95,T,6,34
3,N,6,190
93,C,31,62
137,P,116,165
17,K,180,137
44,Y,74,134
54,T,70,87
200,G,39,66
145,U,127,172
184,W,88,178
158,M,134,168
145,S,93,159
170,S,126,29
133,N,28,56
19,T,164,185
30,R,67,167
28,V,181,7
181,A,151,173
186,J,124,103
60,F,95,173
12,Z,138,58
95,J,4,123
172,R,32,89
189,R,169,3
119,M,136,68
54,E,23,194
50,J,49,188
37,J,126,133
194,E,43,92
67,C,14,46
193,V,14,65
165,S,190,179
187,J,23,196
29,N,32,199
101,J,120,124
54,U,147,107
180,X,96,127
25,L,17,76
128,M,44,74
11,P,89,150
121,P,110,179
134,C,185,50
122,V,153,155
58,S,153,113
164,H,115,134
57,O,160,9
109,I,199,33
179,O,151,129
153,S,4,189
161,D,150,44
164,H,138,148
113,E,66,18
200,C,149,132
139,I,54,87
165,Q,153,54
21,G,175,126
28,K,10,69
65,E,76,9
79,U,124,57
191,W,192,158
182,Y,92,113
158,K,190,97
90,M,104,98
49,A,117,123
42,K,162,89
133,Z,77,106
16,U,187,163
62,F,2,89
93,P,172,32
32,M,136,52
7,P,83,56
148,Y,98,115
19,J,175,179
39,R,66,46
90,K,157,180
18,F,131,189
15,F,82,174
172,J,60,175
2,T,91,93
117,X,109,108
70,E,154,177
190,N,53,33
103,I,128,27
124,X,119,173
66,G,49,44
111,G,4,139
28,R,51,16
110,Y,40,101
184,T,93,168
34,L,91,52
156,E,200,124
88,U,175,82
32,C,184,96
156,T,61,181
32,I,61,87
110,O,83,182
166,P,0,149
45,I,14,159
34,S,34,176
121,C,31,149
169,V,110,77
62,J,116,15
112,X,200,43
176,R,11,160
37,J,149,170
183,I,176,14
174,F,35,103
157,E,21,59
181,K,138,173
1,E,85,129
13,N,136,108
114,T,187,175
99,E,114,158
142,T,7,55
48,P,20,149
135,V,40,168
74,P,115,102
139,L,39,61
137,X,89,119
130,T,67,97
195,S,94,161
0,K,188,117
178,A,141,83
125,L,8,128
17,X,129,119
78,Z,119,64
125,H,147,114
152,O,171,198
51,O,117,194
111,T,174,37
36,I,77,47
53,D,195,124
55,B,45,67
98,L,139,118
158,Z,193,115
58,S,186,128
127,Z,104,193
1,V,54,139
143,E,151,122
101,N,45,133
200,Q,20,44
200,T,181,159
195,Z,92,156
112,R,162,164
69,Z,133,175
52,H,101,127
199,T,145,139
191,N,18,125
183,J,199,102
195,S,23,113
104,Q,89,188
78,C,127,8
27,W,19,74
32,H,186,58
49,H,155,35
162,K,37,165
182,J,137,118
127,I,42,9
129,V,53,90
6,P,6,117
122,E,22,106
124,J,120,33
101,B,43,37
62,X,111,40
1,L,148,165
78,B,83,23
54,F,185,116
188,W,71,40
170,J,89,72
119,G,192,41
84,V,57,164
81,G,195,154
6,I,116,179
142,Y,48,11
99,C,172,91
60,D,94,143
90,V,150,184
2,W,125,167
24,C,142,54
28,E,14,33
59,K,18,85
104,A,199,194
115,S,64,3
158,J,195,173
155,K,163,65
156,Z,181,41
32,Q,62,72
142,E,38,19
30,H,189,39
70,N,24,198
131,P,131,143
170,E,24,164
82,T,136,77
64,K,99,162
139,D,68,10
36,Y,140,166
193,F,146,30
144,S,115,132
88,Z,138,39
128,Q,195,196
159,D,111,196
195,F,75,52
20,D,143,60
75,T,184,124
65,B,190,76
165,G,141,40
92,O,112,115
175,Q,63,31
166,E,97,125
29,O,164,98
156,J,179,83
72,B,36,195
4,X,0,79
162,J,50,15
17,Y,188,145
176,F,100,27
136,X,65,96
152,Y,175,52
184,P,59,102
66,K,57,91
197,R,62,36
64,U,87,65
174,G,141,128
91,J,108,168
19,F,101,43
104,J,193,161
32,I,172,86
155,P,88,72
135,Z,146,120
118,B,81,147
53,A,135,159
116,K,95,100
45,F,3,116
103,P,160,117
67,T,138,111
49,M,0,181
87,J,116,106
187,V,134,105
185,X,114,191
138,Y,179,40
14,I,112,4
137,L,7,112
105,K,148,153
36,I,93,144
123,K,38,143
91,S,141,146
42,O,37,104
187,E,54,141
2,T,170,170
51,X,59,110
160,I,145,193
4,R,69,83
104,M,28,155
32,X,179,163
30,U,114,65
49,Y,150,123
198,W,46,30
44,B,138,16
21,U,88,161
14,L,81,164
30,S,145,25
2,T,81,32
112,V,169,72
17,O,155,92
12,Y,135,79
154,V,7,182
84,J,99,51
77,V,196,13
79,A,67,87
126,U,142,128
48,V,22,124
30,P,26,110
124,V,26,176
120,P,184,58
187,C,105,0
183,O,155,39
190,C,147,159
65,X,127,29
195,R,83,23
192,Y,190,26
182,P,110,17
177,X,198,100
27,Z,1,113
151,G,28,73
168,Z,3,93
196,W,76,0
196,L,173,32
153,X,161,150
95,F,107,32
195,K,64,157
88,Z,56,195
127,I,66,13
55,E,17,61
90,H,85,0
78,M,184,28
61,R,21,112
137,A,170,172
18,J,71,163
50,W,136,189
130,N,59,66
186,A,115,158
80,Y,25,83
117,B,156,126
138,Y,185,139
187,U,68,81
189,T,103,61
132,Q,34,41
140,L,162,4
150,B,138,6
31,C,52,62
192,G,97,31
156,Z,49,193
26,Q,33,172
55,Y,161,146
22,E,101,149
135,N,136,17
11,F,100,160
94,I,78,184
26,J,179,123
108,J,52,182
185,R,65,1
90,W,4,188
101,R,130,171
196,U,15,170
200,Z,113,161
0,X,99,48
74,O,5,4
50,S,198,89
32,G,41,47
2,F,60,74
192,D,187,183
55,Q,130,169
42,W,64,177
43,O,179,17
147,Z,91,45
5,Z,78,124
170,W,149,199
182,C,132,193
165,F,99,149
113,W,77,172
174,R,4,75
104,Y,57,53
28,C,41,191
58,Z,129,122
169,G,98,76
195,S,52,37
47,U,197,198
93,P,85,191
80,H,14,23
132,C,20,95
127,L,63,94
60,H,32,16
147,S,95,146
185,P,72,11
41,J,15,194
153,Z,2,200
140,V,159,128
100,U,97,88
94,T,73,189
86,G,193,35
97,T,170,137
63,M,35,75
102,M,192,10
111,T,55,108
134,G,49,160
9,Y,18,87
42,D,161,17
0,N,83,163
152,P,114,91
55,M,137,55
165,V,101,77
117,R,127,87
131,K,9,91
21,K,116,140
86,S,90,108
114,Q,176,5
125,S,10,127
87,G,27,118
172,T,50,15
148,G,41,134
188,Y,191,149
65,Y,108,52
20,Z,34,136
72,M,96,74
46,Z,135,158
30,O,176,112
50,X,78,28
186,T,164,131
90,H,89,113
87,O,80,198
72,U,25,26
91,Y,100,154
181,E,138,78
29,G,122,29
83,L,110,8
119,N,47,150
146,I,51,48
161,D,163,100
140,D,29,101
94,N,195,115
39,J,195,62
179,K,60,25
4,I,19,99
81,R,182,5
167,Q,187,169
86,A,14,170
99,N,189,158
93,G,174,182
57,X,196,38
118,C,165,197
20,A,189,161
138,R,120,160
194,I,66,192
53,Q,200,92
143,D,45,64
42,Q,32,117
85,S,121,199
44,W,71,140
23,G,26,57
149,O,161,192
190,W,129,150
120,Z,13,76
118,B,89,93
176,X,20,161
200,A,99,168
94,N,101,31
117,W,197,117
196,U,59,87
120,G,15,195
82,S,182,162
139,F,28,140
164,I,1,175
198,K,85,83
151,A,182,153
22,V,54,114
17,H,104,101
10,E,109,58
22,B,91,86
120,I,52,106
74,V,186,67
102,W,136,174
155,V,104,120
118,G,78,108
70,Q,150,97
48,J,172,34
145,U,99,156
33,Z,110,86
36,A,56,82
107,S,143,45
66,D,189,44
172,V,130,196
148,F,107,135
155,Q,31,198
21,V,20,119
46,K,14,170
15,K,193,182
179,A,59,42
141,F,45,183
20,W,139,180
41,X,58,118
95,W,68,45
66,Q,75,75
52,T,200,145
77,N,190,26
189,I,14,56
100,X,90,97
20,C,45,15
159,S,198,43
54,R,114,67
44,B,94,125
6,Z,64,186
80,W,39,148
99,F,72,80
50,D,6,183
113,A,181,132
187,W,70,46
118,U,27,188
8,N,145,30
159,C,140,41
40,R,96,75
65,T,72,178
75,I,66,133
122,T,70,160
152,P,129,102
29,L,61,66
29,P,90,119
65,J,139,151
183,S,188,190
66,J,107,54
12,B,2,102
147,W,129,140
170,M,62,85
125,N,60,35
159,W,120,131
149,Y,70,80
89,X,99,12
101,T,47,74
122,D,115,165
192,R,92,50
39,X,24,162
28,T,167,153
126,G,81,182
175,P,200,69
198,H,183,167
161,U,152,53
198,P,83,59
152,O,10,169
125,Q,12,41
132,E,145,85
105,V,142,81
88,M,194,16
88,J,183,93
21,M,149,181
30,H,150,66
172,I,183,135
93,C,90,184
142,Y,107,116
4,V,85,165
145,X,36,86
40,R,6,74
109,X,76,20
41,A,130,140
10,C,81,50
188,Q,64,79
47,V,138,46
67,H,96,2
59,M,98,194
26,F,151,69
20,O,145,91
111,S,20,64
33,B,42,16
161,G,152,119
156,B,97,47
52,L,71,153
157,T,174,128
161,N,112,77
18,N,103,136
4,T,198,34
130,O,68,76
89,O,185,190
54,P,99,124
69,I,39,193
62,L,6,63
122,R,44,61
65,Z,46,19
170,L,193,138
129,B,59,120
70,T,101,131
168,H,91,36
95,I,145,17
11,B,192,65
85,W,141,88
13,Z,185,2
134,U,159,132
161,X,90,14
111,V,70,120
180,E,178,71
35,N,20,65
78,B,109,6
12,D,5,38
6,I,134,141
11,S,86,160
161,H,177,182
118,V,158,118
60,U,136,172
156,H,178,9
163,M,111,9
50,I,6,12
105,R,62,153
68,E,4,86
172,I,147,127
144,U,147,134
109,X,33,177
176,F,56,198
164,T,8,156
44,D,108,159
61,V,66,198
72,B,42,150
196,U,31,118
8,O,122,140
140,Q,90,197
181,Q,167,145
32,J,34,155
148,C,83,186
115,Y,158,54
86,A,21,82
141,D,69,54
120,Y,149,178
17,I,7,2
100,V,142,125
41,O,65,25
108,U,27,42
140,O,194,102
136,R,16,2
187,Q,160,189
25,N,114,117
32,M,42,147
63,X,178,158
147,Y,8,110
82,L,22,156
11,D,146,158
106,I,106,170
15,V,120,31
52,J,159,11
83,Z,82,130
30,O,116,24
54,F,152,190
65,K,170,54
158,T,74,15
116,E,164,116
111,L,110,1
4,R,63,135
111,O,15,70
101,F,134,12
34,X,118,197
151,Z,190,138
120,S,198,40
58,O,132,78
62,Y,8,157
64,W,126,175
126,Z,173,95
13,R,139,123
174,E,20,65
41,Z,140,192
19,B,191,48
90,D,0,60
28,P,158,90
75,P,118,100
151,G,89,1
194,J,162,20
196,K,25,186
172,M,68,19
117,Q,45,168
161,P,172,108
9,J,158,119
72,P,35,89
94,L,102,143
94,O,86,56
156,T,145,135
56,Q,127,150
13,G,25,127
89,D,110,97
95,Q,31,171
38,W,98,25
147,E,46,109
156,W,42,173
91,V,80,111
36,M,135,108
127,F,84,143
43,M,126,49
27,H,44,70
148,X,37,49
174,X,31,179
45,N,178,110
74,A,48,46
85,X,103,36
31,V,73,185
84,V,5,48
148,H,28,135
58,I,92,14
122,Q,76,10
175,I,166,37
2,W,53,70
131,A,190,141
45,N,12,176
163,Q,11,56
155,O,134,22
146,K,194,157
58,X,195,48
144,R,136,13
115,N,181,60
109,P,66,194
0,E,182,117
118,R,52,143
144,Z,91,122
57,F,112,72
37,I,43,123
109,L,113,6
0,W,39,6
180,L,37,30
193,R,7,18
47,C,135,110
108,B,186,129
168,G,6,138
157,I,151,23
128,E,104,188
70,P,159,94
1,K,113,144
113,X,113,62
2,C,171,153
161,X,49,139
185,Y,144,31
150,X,192,158
24,H,176,75
155,Y,39,87
37,E,186,140
56,I,159,154
6,K,2,170
185,P,168,17
140,H,53,85
88,E,132,162
103,E,128,179
58,Q,19,126
78,W,50,34
93,Z,75,108
160,Y,31,112
61,Y,29,158
141,V,149,200
37,R,144,55
107,R,93,21
132,N,64,161
66,T,125,8
103,A,9,45
166,W,46,158
24,P,20,0
27,Z,101,162
139,O,21,191
61,F,38,28
105,N,74,66
62,F,52,177
22,O,198,53
146,X,26,38
76,T,0,184
176,D,182,96
144,Z,151,123
175,H,152,111
86,P,92,149
144,Y,39,53
169,K,168,174
158,N,135,135
190,F,33,141
12,W,30,105
71,C,154,59
7,N,98,42
188,B,166,170
171,B,120,146
170,Q,155,136
104,Y,143,111
22,A,48,187
153,N,159,177
144,K,70,198
48,F,81,174
59,K,133,187
59,V,168,131
100,L,123,43
107,Y,34,130
125,H,20,31
23,C,148,135
5,W,16,122
130,C,10,182
184,B,102,172
16,T,65,30
156,O,4,14
98,R,3,102
132,T,99,183
119,N,128,177
154,J,184,185
16,D,198,198
68,M,143,52
154,Y,46,199
144,S,118,12
2,Z,53,34
78,A,67,163
48,W,43,43
124,K,89,147
144,X,14,150
174,Z,86,158
21,M,84,196
34,Z,10,34
179,A,180,146
155,N,178,38
183,J,118,19
137,Z,5,178
161,M,133,135
29,Y,49,0
137,V,75,54
146,J,141,36
104,N,27,3
123,W,112,56
178,K,97,75
182,O,152,187
46,N,187,86
152,X,192,2
116,H,188,12
76,Q,183,19
65,A,119,170
151,H,27,16
51,S,72,182
52,C,41,181
73,K,7,126
12,P,55,151
140,Y,22,49
190,C,151,59
184,E,193,3
93,K,64,149
195,W,143,181
8,V,99,72
46,M,56,168
8,V,39,92
22,T,174,29
55,Q,192,86
179,P,108,180
86,K,155,190
27,F,22,132
40,Q,36,148
41,J,63,5
11,U,187,18
183,D,70,115
12,G,146,170
149,Q,149,178
76,U,11,4
146,Y,103,121
108,S,125,0
96,K,122,29
113,B,38,46
39,L,162,71
47,Q,151,193
117,R,55,174
13,F,132,143
198,L,14,132
130,Y,131,178
119,H,139,0
8,J,164,147
46,M,170,165
94,Q,5,43
139,B,96,143
58,J,12,15
187,V,45,14
38,R,73,105
0,W,17,49
131,H,47,143
142,L,86,112
49,D,173,50
96,M,157,160
22,Q,117,199
36,C,173,114
141,M,94,155
153,C,102,102
153,Y,6,173
90,C,84,82
85,B,179,185
43,U,133,37
124,S,142,74
66,L,171,133
16,Z,122,161
10,C,149,140
52,W,16,66
49,P,34,191
103,Y,41,138
49,V,70,7
117,B,44,167
118,L,127,108
107,V,62,186
195,B,68,41
9,Q,72,166
150,M,133,112
142,X,142,176
112,T,158,58
31,H,114,190
10,Y,15,118
52,V,156,193
75,U,61,196
91,Z,43,78
135,K,50,11
17,M,152,137
6,Y,122,183
173,O,49,147
72,J,75,43
159,N,96,134
6,T,64,56
176,A,45,190
196,P,3,184
37,H,13,67
114,L,21,28
41,J,5,184
15,X,132,169
37,I,16,139
133,J,125,143
24,J,48,5
111,T,194,140
67,H,10,135
101,B,150,10
27,E,93,109
3,L,75,16
110,J,197,21
74,J,200,53
144,B,120,122
137,B,39,49
61,J,133,170
41,J,187,46
60,V,110,157
68,N,20,7
158,Y,42,167
142,E,19,177
18,H,179,88
75,M,10,74
13,N,110,73
62,W,43,134
105,J,106,125
90,J,48,26
190,A,21,46
190,G,40,6
57,F,171,77
83,K,81,115
130,K,112,54
18,G,122,38
66,P,5,85
181,F,139,129
1,X,5,102
177,J,93,46
27,S,179,109
25,L,47,141
151,M,119,58
124,C,93,189
62,C,159,127
108,R,102,41
22,C,103,73
37,T,195,7
8,S,148,28
24,S,84,82
16,T,105,133
179,O,0,80
188,C,162,158
15,B,36,57
90,T,82,111
148,B,8,138
42,L,30,140
179,D,186,64
99,L,145,150
101,A,151,11
152,Y,67,167
105,M,33,58
62,M,187,199
176,A,167,84
106,U,149,43
101,I,174,130
51,R,182,140
133,A,140,95
87,D,31,110
133,X,6,31
81,P,59,18
165,O,44,87
82,J,14,200
71,M,155,160
81,R,53,67
75,L,88,7
96,W,27,175
61,M,157,167
106,C,136,45
143,M,7,94
173,N,46,85
157,J,81,173
181,D,152,27
82,K,40,147
96,L,8,14
184,P,190,93
135,P,34,70
115,B,129,120
47,J,189,1
54,S,195,89
41,R,171,142
40,E,140,45
136,O,110,173
69,D,172,110
12,F,184,89
97,Q,20,91
185,Z,192,192
125,T,59,184
4,R,172,162
47,A,101,56
90,O,187,185
144,U,154,84
165,V,182,82
188,T,0,56
184,G,180,183
144,J,63,9
110,A,101,26
6,J,106,73
19,A,48,162
135,Q,158,36
48,K,171,187
145,I,179,27
5,V,20,106
143,V,61,4
186,P,63,161
169,E,15,48
42,H,47,83
137,P,99,126
123,W,165,84
160,M,174,45
118,C,33,91
87,O,157,33
127,Y,86,45
108,B,80,103
28,I,21,98
114,R,90,154
36,T,111,147
42,W,93,156
26,Z,165,194
200,D,121,180
85,U,64,28
23,B,168,76
76,M,107,178
87,F,143,117
198,C,48,186
67,T,41,163
47,X,2,64
191,X,61,18
163,F,162,106
107,O,2,152
133,R,66,132
108,N,22,91
84,P,2,76
71,S,179,22
38,X,3,74
60,W,103,192
167,U,132,174
178,O,183,84
68,X,106,79
122,Q,65,72
26,M,115,67
143,P,145,49
96,Q,97,68
4,V,191,156
106,W,33,197
14,O,38,193
184,Z,75,171
110,D,153,123
45,D,151,149
151,Y,89,57
120,J,93,96
197,L,129,20
59,F,199,163
175,N,193,81
96,Z,10,68
18,M,166,146
137,A,30,44
14,R,106,116
16,F,84,193
132,Y,139,149
43,R,133,54
175,J,135,29
155,Y,96,56
197,Q,133,150
180,N,107,136
160,X,89,114
50,V,31,197
29,R,6,93
25,L,126,41
131,M,79,150
121,Q,30,140
5,H,160,171
48,R,116,184
113,Y,105,92
93,S,198,153
116,M,145,130
100,F,128,0
183,J,133,128
200,U,171,22
116,A,93,99
84,C,117,130
179,M,74,98
91,W,33,113
179,T,111,61
70,R,171,176
194,O,131,104
115,Z,28,87
178,M,120,91
107,O,189,141
165,E,142,196
36,R,155,153
51,S,137,152
139,N,114,108
58,K,60,83
165,C,189,145
114,K,11,113
106,R,60,143
59,A,116,68
141,O,39,18
164,G,193,97
74,M,5,189
47,V,155,60
149,T,182,138
69,O,111,82
147,J,130,190
91,W,36,69
7,E,5,147
172,Z,187,185
156,F,53,34
38,D,77,80
36,K,102,181
104,A,109,2
26,E,76,82
194,F,15,184
169,O,96,62
85,X,47,151
40,E,55,96
16,G,176,100
182,B,52,50
99,L,73,25
81,R,96,94
56,O,8,2
43,D,172,44
152,M,129,6
186,J,2,48
169,L,123,42
70,A,193,59
77,N,194,117
28,P,98,64
71,G,188,186
58,V,153,110
106,N,77,62
103,G,86,195
109,A,189,48
16,Q,93,21
8,E,184,187
28,W,91,139
29,L,161,109
194,C,108,117
129,F,76,166
55,P,55,158
191,B,27,170
155,F,48,127
26,Y,184,34
5,Y,118,22
190,X,184,64
173,L,88,57
133,B,72,197
49,B,130,156
8,M,194,13
151,H,90,176
138,K,125,111
187,K,30,115
56,S,99,91
90,H,144,104
52,A,26,86
190,C,97,123
2,O,155,45
11,M,113,5
108,C,149,53
186,I,136,150
23,Z,139,200
126,J,58,42
109,J,52,66
161,H,57,83
21,Q,86,158
197,D,162,94
73,L,4,42
54,W,85,70
93,O,130,8
156,E,21,45
139,W,81,106
26,P,135,182
28,X,65,142
150,C,130,188
149,J,80,26
14,Z,10,152
152,M,174,165
131,M,137,197
74,Q,25,154
45,J,137,92
27,C,122,74
52,Z,0,97
90,W,38,84
67,C,123,11
165,F,124,160
109,D,176,111
74,X,34,45
171,B,157,63
28,N,77,59
157,Z,130,141
28,Q,113,75
90,U,0,165
188,C,24,124
62,G,4,85
134,S,36,38
120,X,124,191
96,H,152,158
55,N,39,85
92,Q,125,79
10,J,9,17
18,F,135,25
79,B,113,148
58,V,2,67
70,Y,60,21
95,S,60,136
98,J,77,47
179,D,25,188
75,A,184,24
119,O,73,184
195,F,192,194
146,H,138,38
190,C,76,129
59,Z,170,63
198,Y,80,152
182,T,88,35
88,Z,105,115
115,E,89,51
199,M,162,104
158,O,163,138
70,J,165,119
34,S,185,41
174,G,190,160
168,N,145,179
92,I,140,34
124,R,129,63
73,Y,72,94
122,O,28,175
32,B,57,9
41,H,162,90
69,H,120,95
165,V,61,6
21,T,126,190
34,A,163,65
111,H,114,181
135,T,76,25
187,O,25,26
151,I,158,161
13,D,72,74
35,D,110,126
162,T,96,179
48,U,108,55
59,J,193,80
33,L,21,107
165,C,149,99
199,U,141,34
44,Q,51,0
48,L,110,174
68,F,141,122
67,O,82,129
23,L,131,19
8,D,104,54
192,W,131,64
85,G,197,117
103,L,34,200
26,E,109,131
73,J,70,134
197,D,75,151
3,X,115,17
146,Z,66,102
162,M,25,42
140,R,56,189
5,E,142,8
151,R,173,145
77,F,43,97
147,P,40,115
44,Q,134,25
100,J,153,150
60,Q,48,154
131,R,32,33
180,S,52,3
163,H,99,62
196,O,91,35
166,K,46,27
63,I,54,121
159,N,96,158
110,L,165,26
191,M,162,86
75,P,103,55
33,A,147,108
146,F,187,169
17,O,18,77
143,Z,150,116
136,R,68,79
182,F,156,135
129,Y,185,131
16,D,66,198
179,G,8,163
26,B,145,177
145,O,170,66
145,S,17,146
15,M,29,129
146,Y,91,43
79,B,119,95
74,E,25,194
40,H,170,53
163,L,95,152
123,P,124,66
5,E,49,176
22,Q,42,73
112,H,178,179
154,X,186,6
155,W,155,100
81,E,24,80
91,M,63,103
14,C,31,64
37,L,172,16
50,G,37,39
14,B,143,114
96,N,86,117
174,J,65,52
167,R,24,134
134,M,176,57
56,R,90,53
128,F,38,147
91,S,120,137
0,Q,139,47
81,U,56,175
75,W,64,190
89,R,40,175
84,C,46,9
142,H,170,162
63,E,119,97
93,M,180,38
71,N,128,77
117,V,135,142
195,H,120,185
150,V,125,145
127,C,161,176
169,O,66,30
81,I,100,159
127,R,160,53
184,W,38,165
70,X,95,134
12,C,127,73
59,A,133,109
54,D,120,144
52,F,8,103
73,C,83,140
6,S,179,59
141,D,139,43
122,A,137,36
189,V,161,146
149,S,50,75
43,F,122,112
106,C,182,166
113,H,176,119
95,S,137,139
170,C,162,58
118,W,36,147
58,T,61,169
22,W,158,132
131,K,173,72
68,R,170,191
186,J,30,179
126,F,25,130
23,Q,187,133
140,X,171,67
144,P,166,13
55,D,74,3
49,N,165,98
113,B,90,78
57,G,56,161
151,P,87,154
54,U,116,47
8,U,191,153
56,K,99,36
73,V,41,135
133,L,132,25
103,X,162,106
97,I,16,38
48,B,188,86
44,K,152,136
149,H,47,7
146,T,187,4
155,O,125,128
144,Y,126,146
174,U,109,167
29,Z,191,116
125,I,90,189
190,T,27,119
73,L,193,129
139,Y,84,28
105,W,72,26
66,D,13,87
24,A,13,25
148,R,83,192
42,J,164,133
47,U,40,192
64,F,163,106
56,Y,18,22
89,X,161,89
106,F,93,77
149,S,105,24
65,I,95,47
176,G,67,25
88,K,14,177
86,O,49,75
4,X,110,96
44,C,72,130
155,A,188,148
116,F,121,3
109,S,21,95
172,S,90,36
20,X,123,97
45,K,140,25
161,Y,154,37
111,B,25,50
148,J,6,157
36,R,121,26
78,L,186,38
152,G,45,66
105,B,108,187
181,Y,121,140
100,X,174,117
78,S,110,150
105,F,191,44
165,A,121,183
86,J,163,37
19,L,128,188
130,M,129,167
37,Z,128,54
38,L,4,188
73,J,47,37
116,J,85,155
0,J,95,71
34,P,138,3
168,O,123,183
152,M,9,116
123,Z,32,34
61,S,66,51
76,U,158,72
10,Y,164,84
3,K,145,131
200,E,137,166
56,X,64,129
141,S,55,195
134,Y,152,72
102,Y,6,130
182,G,32,91
45,N,36,105
94,C,141,44
24,I,162,195
87,J,88,12
124,M,128,135
21,I,169,95
170,C,73,32
21,J,70,75
8,H,29,76
180,H,94,80
110,O,176,128
197,N,145,94
84,Q,105,45
135,A,73,80
36,E,137,60
196,U,179,5
200,J,169,27
189,N,12,90
26,O,25,111
59,B,196,57
156,C,101,116
157,T,81,164
126,R,63,65
82,E,60,192
164,D,5,114
55,R,139,152
52,W,21,56
58,Y,117,129
84,N,174,195
49,C,147,3
87,J,43,116
198,X,39,9
111,T,3,179
181,J,168,176
123,F,35,124
13,G,96,130
17,J,151,47
33,O,99,186
134,F,127,199
88,N,137,133
31,W,2,114
75,Q,12,174
20,E,147,161
6,X,50,70
70,L,121,71
165,I,97,26
171,D,166,199
68,V,198,99
79,J,189,7
147,A,166,54
123,K,46,66
34,I,103,22
139,Z,8,182
88,V,26,174
7,S,80,184
60,N,155,187
8,B,111,68
49,L,99,88
170,O,12,92
125,D,92,100
82,Q,110,89
74,T,137,152
12,P,27,2
50,K,143,119
200,D,189,61
65,O,85,169
99,O,188,55
173,K,105,95
39,N,25,166
8,V,117,170
24,N,167,66
101,F,31,19
37,S,158,170
49,P,149,123
197,Y,117,134
15,Z,170,67
13,O,29,24
50,S,45,186
98,A,50,66
63,S,37,182
188,G,137,104
118,U,200,163
144,E,64,160
83,E,126,27
86,A,95,65
49,F,4,89
123,H,83,54
70,O,89,35
21,H,150,1
42,F,150,115
182,G,76,57
149,P,72,126
73,T,62,31
175,R,150,152
51,R,183,198
131,A,103,190
100,O,53,21
105,K,169,90
18,V,43,156
127,F,70,34
12,Z,40,90
11,X,37,61
169,Z,164,191
35,N,71,15
157,H,81,169
71,S,146,32
120,O,47,1
150,O,29,109
10,D,195,193
56,T,36,1
186,O,87,100
176,G,174,169
40,L,86,41
136,B,113,104
82,L,121,113
156,T,35,106
167,S,27,107
105,N,122,52
69,D,88,44
70,T,16,27
32,V,59,25
190,Q,147,138
130,O,97,34
186,Q,76,166
77,W,142,127
65,V,24,60
0,T,169,162
196,V,115,77
80,Q,188,55
70,H,32,63
184,E,140,50
155,E,38,157
187,W,96,158
164,N,164,161
184,H,154,40
142,X,183,24
17,G,8,168
0,C,159,29
29,Q,142,11
43,H,143,136
153,J,46,190
162,Z,136,43
84,Y,0,183
5,I,191,87
129,O,182,89
173,A,180,101
158,H,148,83
85,B,180,23
65,R,30,23
200,T,20,43
14,B,88,162
102,U,149,95
99,K,126,136
93,G,119,120
32,I,48,86
151,E,49,134
144,N,107,57
68,X,82,188
150,S,122,110
6,K,167,30
39,O,172,149
119,E,0,15
126,R,95,81
139,B,113,103
151,D,39,35
156,T,36,71
45,U,14,143
108,B,7,14
108,H,59,59
145,S,134,47
64,F,129,183
173,T,200,104
156,G,11,108
179,W,25,177
32,C,30,76
94,G,79,66
70,A,161,151
85,X,113,141
106,M,68,42
94,J,5,37
141,Z,93,55
30,O,124,182
157,O,92,64
7,S,144,32
200,R,181,63
155,P,130,128
195,V,165,148
120,E,153,185
144,F,102,103
88,C,121,156
163,P,106,151
39,C,16,70
130,C,175,141
136,F,38,61
41,A,11,28
60,I,143,60
15,D,58,187
168,A,110,150
151,G,75,98
52,U,29,138
152,T,19,0
64,C,71,126
156,A,33,163
66,Y,131,76
185,V,147,12
190,P,71,41
160,R,15,122
99,A,75,51
127,M,1,173
184,U,192,49
125,V,118,43
33,K,116,36
37,E,41,2
75,G,184,84
97,O,118,200
77,H,86,7
117,B,179,27
21,D,131,34
58,A,112,83
161,P,26,10
199,R,75,147
181,I,16,58
157,F,145,1
6,R,167,41
150,D,28,11
151,A,147,70
64,W,37,169
187,N,195,107
153,N,181,176
70,D,88,72
61,B,67,161
11,E,176,122
33,R,168,111
150,V,144,167
54,C,103,14
25,K,130,90
24,P,122,119
75,K,165,56
12,M,165,49
104,Y,34,148
33,R,83,118
35,Y,149,38
10,A,21,161
184,I,93,52
181,P,108,4
86,T,127,194
34,H,65,127
158,U,162,9
186,V,89,186
199,R,160,64
125,Y,195,55
48,X,15,84
45,B,191,125
69,N,122,8
146,D,120,14
136,S,2,157
8,P,20,62
168,H,117,57
116,R,10,68
102,Z,85,111
158,D,176,94
167,C,146,183
35,R,81,124
176,J,91,160
104,V,163,158
121,Y,71,157
160,L,155,50
74,O,138,87
120,P,79,198
103,K,178,148
186,B,136,100
143,N,20,31
74,I,124,29
135,C,12,27
41,Y,150,166
136,M,80,198
61,W,81,27
178,Q,187,97
46,D,63,14
3,R,73,169
143,I,185,55
199,P,57,90
58,Y,130,9
43,B,108,192
35,Y,12,107
43,V,46,51
17,T,24,154
74,I,191,155
13,S,187,193
199,E,187,195
195,Q,69,175
176,G,75,143
178,W,0,133
153,X,138,136
43,I,73,154
58,B,115,7
23,I,108,173
2,I,13,173
107,E,36,34
14,K,109,135
113,I,140,60
5,A,150,141
181,Q,153,104
195,R,156,130
130,Z,144,104
91,N,14,113
163,V,50,176
24,P,52,99
97,L,48,39
105,W,185,33
18,U,130,10
167,J,171,96
99,B,27,169
45,C,111,14
98,C,117,59
167,Y,101,118
172,K,54,93
94,M,50,107
168,B,164,42
180,A,189,84
143,A,157,95
43,K,165,194
109,G,194,152
105,U,156,54
146,P,102,112
134,K,69,59
183,H,181,167
189,Z,131,1
174,F,29,114
81,E,125,104
170,A,122,22
46,P,116,131
73,K,172,83
111,C,129,64
136,E,100,123
43,O,16,27
20,Q,96,103
148,M,26,177
181,S,64,67
116,N,51,200
192,V,43,91
66,C,79,121
36,K,149,122
163,T,153,104
10,U,140,82
74,L,37,152
31,D,132,63
179,Y,89,146
89,R,177,186
164,L,157,58
177,I,183,19
1,V,111,22
91,X,193,117
18,D,118,10
98,E,104,117
2,D,39,12
48,V,109,184
168,P,66,25
107,M,154,188
8,R,168,199
22,M,59,7
178,T,154,131
136,N,13,21
67,G,187,108
95,B,104,144
120,W,127,83
121,L,35,97
78,E,192,83
142,V,3,142
50,J,42,47
198,O,101,193
47,Z,82,52
82,C,177,165
193,P,120,133
197,R,185,30
158,S,91,46
97,F,74,81
16,Q,118,43
11,H,8,122
64,F,90,148
36,R,41,173
124,I,156,106
183,F,53,168
58,J,180,135
31,N,64,76
147,Z,143,196
75,Y,34,167
40,H,137,38
164,C,56,27
143,H,50,142
45,R,113,23
95,C,183,13
189,Z,160,170
172,R,59,112
134,J,190,14
25,A,27,151
191,F,141,149
153,G,118,61
52,G,28,103
125,O,92,58
129,R,58,130
107,T,50,89
178,W,193,119
181,H,35,121
117,U,44,185
199,H,154,130
57,B,20,20
174,M,68,81
128,M,7,117
182,P,162,15
45,K,176,20
128,M,76,115
139,N,69,194
148,P,17,5
176,J,200,112
49,P,120,34
157,J,65,1
67,H,19,31
27,Z,18,192
49,K,19,72
179,B,164,166
153,V,41,178
145,Q,32,94
30,N,44,88
149,H,50,135
137,I,148,81
39,O,125,93
169,K,153,19
8,W,130,199
148,Q,53,88
150,A,65,5
138,V,128,15
139,P,19,10
189,A,172,149
53,Y,52,98
171,D,92,193
149,A,43,37
34,P,160,80
73,H,88,46
147,R,59,146
74,S,125,12
6,O,66,140
113,J,192,3
16,I,145,64
172,G,50,106
173,P,36,131
198,W,47,98
127,G,5,41
37,S,65,200
51,L,9,186
76,L,97,81
49,N,180,181
136,T,50,117
156,G,39,192
142,L,84,160
27,C,180,39
122,F,69,31
57,M,100,149
172,N,57,81
66,H,109,51
136,D,140,150
97,Q,48,122
43,D,61,187
168,Z,101,32
4,B,115,72
112,S,195,125
94,L,130,137
103,M,140,8
183,L,142,107
101,M,124,134
50,X,82,58
117,O,156,90
21,H,186,69
199,Z,9,58
200,Z,69,106
78,Q,130,67
173,H,159,32
153,T,138,168
169,H,38,69
20,K,106,171
131,T,3,180
23,O,110,19
197,F,43,172
173,E,197,19
175,C,104,164
30,Y,174,120
185,L,7,38
49,P,62,5
160,Y,194,189
82,U,85,39
101,P,74,2
148,I,41,35
52,U,191,198
68,H,158,135
94,C,137,75
179,L,98,117
39,S,30,171
44,N,66,50
93,A,42,7
25,R,118,11
92,J,92,108
75,R,111,119
193,Y,100,119
42,D,18,127
3,W,187,118
103,B,6,2
11,G,165,150
105,Q,99,72
166,X,62,28
16,B,155,74
27,C,198,75
61,W,58,158
165,N,193,17
185,M,109,16
8,Q,55,7
36,I,135,148
75,M,29,120
63,Z,28,141
87,H,152,85
146,P,176,61
200,I,79,183
70,W,57,140
179,B,47,129
196,F,12,25
115,K,129,145
23,V,133,130
78,O,82,143
165,Y,189,200
174,R,180,118
167,C,27,29
10,J,2,122
108,G,87,188
123,D,193,65
138,Y,125,42
114,I,120,32
78,J,24,187
74,U,17,189
19,V,147,11
108,F,197,16
49,S,146,1
17,G,49,179
148,B,105,167
36,S,159,2
82,G,69,123
29,U,37,13
4,C,133,89
41,G,194,3
157,Q,134,158
120,Q,7,135
189,L,132,158
43,I,74,22
25,K,72,170
35,L,74,0
114,W,87,144
87,H,157,45
22,P,123,82
135,F,117,141
103,O,129,105
165,N,58,23
194,E,158,179
117,I,187,12
91,V,188,64
50,K,200,79
44,V,26,192
71,Z,124,57
156,G,103,93
68,W,153,159
134,G,7,93
171,B,24,102
62,X,79,105
3,N,1,133
108,U,115,3
124,V,165,46
97,E,145,166
145,Q,176,102
11,U,35,50
167,V,156,161
54,G,131,166
137,A,101,172
151,T,152,181
181,U,192,59
71,Q,104,197
83,H,14,40
91,E,70,114
85,R,151,160
174,I,167,150
55,S,70,28
65,U,17,35
105,M,106,159
179,I,197,122
152,E,176,54
195,U,11,19
181,K,179,160
153,Y,58,10
190,D,133,108
72,E,108,153
107,H,143,103
136,M,51,191
143,J,84,58
84,P,33,112
57,I,73,1
157,K,111,129
33,H,96,185
147,E,172,197
65,X,33,172
0,K,190,168
71,R,64,68
145,G,141,7
41,Z,8,98
47,U,48,33
92,G,170,137
31,W,62,141
168,J,64,160
165,T,159,167
136,N,26,118
111,O,74,68
195,Q,127,96
183,O,1,134
135,I,41,109
17,P,81,92
6,L,111,97
15,J,108,174
115,I,105,95
67,F,49,54
105,K,194,24
99,Q,84,40
179,Y,151,4
110,U,2,33
41,H,78,153
110,E,120,168
160,E,37,140
45,I,91,90
129,X,179,110
194,V,84,29
158,G,69,144
4,N,122,127
147,U,27,68
1,U,49,44
92,B,30,36
89,C,26,49
116,Y,38,21
21,B,39,155
39,R,163,193
111,L,38,113
54,I,54,71
114,A,9,182
83,P,80,82
28,A,66,48
183,V,160,109
7,A,139,55
24,O,56,34
62,C,48,156
26,F,159,50
63,Y,190,122
60,N,116,110
68,F,52,125
143,Q,187,133
79,P,49,107
74,K,41,105
161,O,15,42
192,C,108,28
146,A,0,111
149,X,114,10
119,G,134,181
130,H,85,104
152,O,66,65
119,L,116,171
131,L,105,1
88,R,77,74
178,U,63,159
55,L,153,82
53,I,32,121
27,U,143,104
5,X,26,125
113,E,134,31
83,J,166,182
99,P,67,162
48,H,195,159
51,W,2,95
127,A,100,191
37,T,106,22
158,Y,82,23
46,Q,129,101
5,R,0,171
143,L,178,36
82,N,58,185
188,J,84,186
117,T,72,144
178,P,188,101
159,Z,1,69
101,F,174,31
36,M,40,116
39,W,126,36
137,T,93,141
50,P,108,161
169,P,146,136
27,J,4,182
154,I,188,45
62,R,173,33
134,R,65,90
93,W,1,76
11,M,42,28
68,W,150,93
14,W,54,79
77,L,190,47
153,D,83,26
123,S,8,21
89,C,180,66
5,R,126,74
90,T,100,60
97,B,71,127
69,E,163,127
131,S,182,40
165,J,182,25
141,H,169,66
148,R,120,22
29,J,20,136
107,H,32,114
62,O,149,53
81,P,9,185
129,J,112,183
76,I,120,70
66,W,51,125
137,J,178,1
105,Q,45,174
0,D,42,178
131,N,47,17
149,N,152,178
185,K,75,161
192,R,132,119
97,D,99,163
15,K,186,30
52,D,133,35
158,U,94,120
123,D,15,62
15,J,24,22
81,F,73,199
177,T,45,1
93,W,185,170
159,J,57,5
41,R,73,58
124,V,31,200
54,W,117,168
92,W,148,10
139,S,72,182
80,L,187,18
157,H,59,49
113,K,101,18
27,X,98,120
126,A,149,60
119,W,144,12
149,P,153,45
143,U,25,187
6,E,30,152
140,P,139,123
107,O,95,97
78,W,68,171
62,J,182,2
162,L,36,157
74,W,147,29
30,W,104,167
59,F,110,52
176,D,194,12
37,K,184,140
139,N,27,78
197,N,138,24
2,K,160,15
5,S,87,56
181,R,4,54
99,H,109,36
107,X,113,6
121,V,185,51
71,K,3,167
154,O,104,198
35,F,156,87
25,W,168,196
186,E,133,33
21,E,138,62
89,Y,29,166
100,C,110,1
13,A,19,104
127,X,161,43
52,L,25,136
107,U,184,89
19,T,130,24
57,G,86,179
16,N,177,90
87,T,159,122
82,Q,29,78
118,E,156,166
188,K,176,155
191,U,37,32
114,E,147,109
2,S,176,93
22,W,119,138
87,J,170,52
116,K,15,55
183,M,8,99
124,C,14,105
158,H,117,114
166,A,128,66
145,X,62,87
199,Z,74,85
40,G,71,134
96,I,12,80
28,P,134,121
169,V,145,91
56,G,115,195
50,C,152,160
28,U,145,23
140,G,196,67
107,E,40,36
76,A,169,100
8,T,38,122
193,D,14,99
75,P,71,17
193,V,155,143
87,D,79,8
180,C,51,85
65,I,126,78
199,V,162,146
152,D,44,96
152,P,7,193
170,I,101,11
118,O,62,35
57,Y,125,195
56,H,133,45
138,N,80,137
134,N,108,145
75,X,145,135
105,M,180,140
11,B,55,31
175,N,28,145
105,E,80,147
101,I,86,130
80,Q,181,116
97,K,158,45
186,Q,186,158
57,P,18,88
147,F,77,18
181,O,80,113
118,Q,50,200
158,S,192,183
120,F,151,112
70,P,131,98
169,E,151,128
145,O,26,196
71,N,180,177
68,K,25,175
6,Z,106,165
153,W,35,16
144,O,67,69
182,A,70,28
8,J,93,153
156,L,51,10
179,R,195,173
161,Q,47,126
103,U,37,139
35,C,52,47
63,W,134,65
161,C,160,97
31,Y,184,125
13,D,197,189
121,V,88,101
196,H,58,96
20,D,175,44
190,M,75,118
119,F,110,80
149,H,200,198
109,V,168,5
106,P,137,61
198,I,75,75
3,W,86,101
159,P,141,87
114,C,34,96
12,P,182,100
90,D,32,96
154,D,52,137
187,X,124,73
50,I,194,8
101,Y,107,165
194,N,174,155
50,I,37,180
58,U,40,151
181,E,18,30
163,J,36,145
173,T,98,156
96,Y,72,37
191,T,69,87
40,M,105,51
66,B,152,198
153,M,139,155
186,I,31,196
130,U,68,116
183,U,88,69
24,R,151,8
41,N,135,42
121,M,12,36
87,S,29,198
35,L,110,187
64,C,191,124
162,E,37,175
114,Y,114,176
61,F,164,9
175,L,161,126
11,O,189,141
131,W,40,90
8,K,64,60
103,S,59,159
161,V,149,69
136,R,158,36
134,I,193,145
170,D,199,15
27,O,59,190
98,U,9,168
68,H,1,182
14,P,134,46
137,S,53,174
55,C,103,62
180,G,102,162
3,F,37,70
143,K,156,163
134,S,28,170
167,Z,104,164
108,R,98,69
82,Z,128,75
102,L,29,176
26,G,51,124
78,K,118,180
175,Z,65,80
70,C,125,181
40,P,169,62
101,C,60,150
1,P,179,121
2,U,8,12
39,D,182,30
89,P,5,3
91,U,35,157
13,N,134,145
115,E,156,68
69,Z,124,59
110,P,30,175
96,L,164,69
110,T,45,29
40,Y,21,200
130,O,1,169
170,L,109,172
84,G,54,164
52,D,124,118
91,E,193,185
152,N,54,183
66,B,160,77
66,T,194,88
134,I,162,133
194,C,156,60
76,R,156,59
135,P,119,163
200,K,13,30
0,A,149,21
71,Q,40,111
194,W,92,96
166,U,15,151
196,R,197,200
42,T,104,132
14,A,97,60
65,Y,165,36
185,H,23,80
34,X,177,70
189,Y,8,26
127,P,53,129
178,A,140,50
115,K,11,29
88,Q,51,151
196,K,69,35
127,A,59,43
102,I,48,57
128,Y,110,19
1,X,192,86
174,G,48,120
158,F,136,116
190,S,157,54
171,O,42,32
11,O,105,162
37,Y,32,66
132,G,88,171
146,M,191,146
102,H,183,0
16,P,144,191
191,F,79,189
21,W,185,167
133,E,40,21
166,D,4,13
145,Q,166,68
168,B,91,181
200,F,52,120
172,F,186,182
187,T,15,110
140,H,138,167
105,L,74,98
184,F,54,195
79,B,121,164
153,K,168,191
40,N,114,180
31,O,43,112
23,F,86,34
71,L,107,175
194,T,183,133
117,G,71,14
128,J,84,38
173,P,68,30
126,U,40,108
128,E,200,198
177,H,132,13
143,F,158,192
170,M,177,190
10,A,56,176
75,D,24,60
12,W,176,195
44,H,139,50
99,G,184,42
187,R,82,40
79,L,51,80
116,Q,38,138
22,E,146,199
163,H,81,125
180,Y,147,83
195,X,194,190
58,K,41,125
95,P,192,192
106,W,73,130
113,E,135,47
200,U,73,120
123,C,19,76
74,P,119,17
84,D,130,158
21,U,68,7
76,C,65,105
183,H,32,148
158,C,179,103
152,B,183,38
36,Z,104,184
167,D,120,199
39,D,72,84
131,I,33,32
192,V,76,61
73,A,130,79
158,G,130,128
26,I,3,77
112,K,0,145
167,R,91,189
54,T,79,124
135,N,135,100
53,K,180,40
148,X,186,130
152,P,153,199
51,Y,1,79
200,D,0,161
11,O,193,75
72,R,171,43
61,F,28,28
12,A,193,50
72,P,0,47
80,G,180,138
163,D,100,5
27,W,125,15
99,L,124,7
78,X,9,146
172,D,27,156
167,W,162,33
66,S,199,102
122,D,89,69
24,Q,36,131
178,E,88,94
30,R,198,144
135,F,100,167
189,J,18,157
176,C,157,21
170,O,192,56
126,E,91,141
90,X,144,123
200,B,175,42
14,Z,75,20
21,L,172,45
103,O,22,20
122,T,19,77
2,P,98,86
167,H,116,151
164,J,155,56
182,K,134,95
102,L,36,60
114,W,159,37
27,R,125,38
150,E,191,64
174,O,185,138
28,Z,105,88
119,S,109,163
72,D,135,97
199,K,75,22
93,A,117,198
141,L,33,80
95,W,44,110
74,G,26,198
43,G,35,178
6,B,124,119
175,M,33,117
72,J,178,184
73,F,136,142
1,D,26,196
85,A,3,148
18,X,78,153
129,S,55,163
96,P,164,15
60,E,134,5
79,Z,127,136
103,A,148,121
126,E,163,121
161,S,163,166
143,C,196,51
66,M,165,11
10,B,52,174
144,G,146,47
118,U,94,67
120,V,74,39
113,P,40,123
63,P,75,37
38,I,188,84
126,O,129,139
129,S,195,168
181,X,118,71
53,A,6,105
87,N,196,8
112,B,58,34
44,E,44,93
80,U,90,127
183,P,8,36
10,O,168,135
76,L,174,116
200,S,123,133
25,X,119,51
65,A,127,78
44,B,51,64
91,U,140,77
76,O,160,153
41,M,133,32
28,N,167,165
157,V,85,94
44,S,125,198
75,F,154,54
178,C,156,179
96,R,23,62
84,K,22,149
47,Z,18,1
69,S,127,94
24,A,166,127
93,Q,90,112
132,Q,162,105
156,O,43,101
23,H,55,135
1,A,30,125
31,S,110,145
9,V,117,86
176,V,45,2
192,R,198,79
48,I,118,126
93,T,15,53
116,E,29,71
6,D,56,46
122,M,89,5
175,O,73,85
101,M,196,189
54,G,32,172
134,V,145,155
162,A,67,75
172,U,49,7
200,A,35,18
159,A,44,132
155,J,175,11
156,V,87,94
147,R,117,46
14,E,144,32
192,E,11,33
188,P,132,12
99,W,36,166
5,Z,81,129
98,J,167,100
2,I,158,119
26,P,50,81
124,K,22,116
145,R,39,164
48,W,67,31
46,X,94,87
79,W,76,2
189,Y,106,46
154,K,160,100
193,B,111,114
178,N,108,107
143,X,46,47
129,C,195,200
48,G,126,184
39,Q,156,14
183,X,28,105
25,U,196,134
84,F,158,190
147,P,25,199
20,G,92,52
173,I,134,146
189,P,28,183
19,Z,183,125
82,M,60,129
33,O,165,143
81,B,157,108
94,X,190,70
131,Q,33,192
148,R,63,141
64,U,166,196
166,M,63,151
84,S,200,30
14,W,91,113
61,X,36,113
173,A,130,34
20,Y,135,74
140,W,24,193
106,C,80,189
31,G,163,132
10,O,147,15
109,N,37,15
195,J,103,111
121,R,16,95
113,P,12,142
0,F,25,156
180,Y,107,184
41,W,183,127
171,Y,155,163
142,L,27,45
77,A,139,122
160,C,166,101
79,Y,139,44
55,G,145,151
58,D,69,49
74,N,118,196
165,L,42,162
166,Y,172,163
13,E,55,186
146,N,98,94
114,B,192,87
42,O,93,35
45,J,173,30
154,T,163,92
142,N,111,144
40,E,178,75
102,B,133,83
142,L,31,111
183,X,83,176
11,G,81,31
199,S,118,24
169,D,105,47
118,C,173,10
80,H,151,35
118,O,16,175
198,I,121,145
0,B,16,13
185,W,54,6
189,S,153,79
124,C,21,87
187,Z,52,166
65,S,188,34
61,U,35,9
172,W,51,35
179,Y,165,188
38,E,1,148
151,T,130,128
109,K,136,70
139,S,126,20
171,U,53,104
13,Z,140,26
193,W,129,116
57,G,168,24
89,U,167,188
6,X,183,119
167,U,122,81
14,H,90,168
30,K,121,69
47,E,23,76
86,H,161,0
136,W,176,194
110,T,138,127
82,E,7,75
190,L,192,162
152,G,39,198
108,M,120,195
74,O,109,71
21,B,196,200
159,J,14,130
194,V,49,82
168,F,131,195
95,V,62,101
59,H,70,180
40,F,55,65
94,V,169,122
92,O,99,170
0,H,48,93
7,Y,161,90
79,D,166,194
76,W,175,51
180,S,15,84
140,J,63,65
180,L,85,75
62,C,141,73
146,F,52,183
110,J,194,150
98,U,82,123
168,P,68,109
120,M,170,194
84,D,54,127
7,A,79,142
195,J,154,170
50,Q,83,10
84,Z,136,25
140,G,84,159
155,F,25,148
146,I,181,198
69,P,175,129
182,S,142,10
88,Z,77,186
3,L,170,103
164,L,76,176
20,H,108,149
66,B,35,198
71,L,185,160
6,J,182,139
33,C,114,10
144,P,40,144
99,T,12,173
7,L,67,76
89,V,12,0
153,X,152,162
99,Q,36,61
76,J,152,21
120,H,124,132
167,X,92,165
179,O,125,175
117,Y,60,79
200,N,122,165
122,E,23,147
107,N,196,118
8,C,118,151
55,R,176,198
83,J,187,163
85,F,113,168
104,M,140,5
129,G,59,166
14,Y,89,1
32,B,88,28
124,B,41,61
6,K,48,41
157,G,28,94
120,Q,191,197
185,E,89,1
21,A,108,64
44,V,115,29
148,O,172,106
143,M,170,160
77,X,134,64
172,M,150,197
196,X,143,84
198,R,25,47
57,X,83,180
90,C,61,153
54,Y,118,7
170,S,70,52
108,M,195,194
10,M,28,7
104,J,35,68
89,R,45,130
120,H,21,46
136,U,33,146
106,E,106,189
171,S,49,179
45,U,169,95
69,R,88,189
153,Q,107,95
190,L,59,163
143,X,113,103
193,T,78,196
172,V,199,170
9,X,83,49
172,O,88,157
114,I,92,40
133,K,70,150
199,S,9,153
59,E,107,63
50,O,110,142
95,S,97,155
51,M,152,132
109,E,18,135
154,D,89,22
36,O,137,127
79,Z,181,116
13,Y,124,83
61,J,23,35
26,S,89,88
158,D,145,12
171,C,88,52
68,C,24,102
127,S,30,124
143,N,109,83
84,P,11,168
92,S,95,8
199,X,174,129
170,P,61,114
31,T,133,195
153,L,163,199
141,H,157,169
165,L,37,161
50,B,40,30
72,Y,167,160
194,S,94,157
97,M,158,1
58,P,175,57
28,P,169,14
70,V,20,99
158,D,162,85
199,L,69,113
71,L,76,170
12,S,60,91
35,D,97,130
48,A,4,15
24,D,93,96
168,T,108,90
85,R,177,12
34,Q,157,155
25,K,154,19
193,B,173,182
127,O,168,17
32,Z,186,104
162,M,118,136
173,L,19,107
7,H,79,185
39,Q,124,66
113,Y,170,156
79,H,138,2
14,M,163,179
129,C,113,20
120,A,138,62
185,A,16,176
177,O,197,50
115,V,188,64
172,S,64,56
184,U,194,153
11,R,183,13
6,J,133,96
141,G,57,91
36,D,75,95
102,W,132,11
185,Q,150,6
131,F,119,110
40,Y,169,142
125,G,4,29
60,K,110,49
80,E,79,121
65,A,137,20
63,D,102,87
125,F,96,87
35,Z,1,149
71,Q,58,185
173,Y,61,94
96,E,119,140
9,Z,179,10
18,F,155,192
103,A,95,129
42,Q,78,44
143,V,3,186
92,J,71,100
122,A,118,146
178,P,126,59
43,U,35,160
164,N,144,103
128,T,110,187
91,C,151,27
6,P,67,28
36,D,90,30
21,T,116,68
63,T,129,133
105,H,62,47
91,U,59,0
144,H,16,117
117,P,76,106
9,C,20,103
110,O,153,152
112,P,61,70
9,O,73,139
134,C,106,95
28,T,120,92
164,S,18,16
163,H,75,76
197,E,155,152
74,N,102,63
190,F,35,73
75,F,21,76
88,J,26,57
112,V,25,105
47,P,20,37
49,U,11,68
135,O,151,21
177,S,144,175
119,X,90,113
103,C,75,132
122,A,27,23
170,J,82,167
120,V,79,6
142,W,113,61
80,O,151,169
118,N,1,113
123,O,19,92
46,X,84,105
9,C,20,137
198,J,57,106
8,S,183,56
122,N,13,161
169,S,71,81
73,V,120,74
97,R,150,188
162,P,182,88
24,Q,103,185
37,M,114,151
136,Q,107,55
91,H,192,156
83,E,122,11
145,K,160,49
20,I,99,119
93,E,7,67
55,S,107,44
121,Y,113,61
4,X,55,101
146,L,158,65
38,P,133,183
180,Y,67,170
54,X,162,72
66,A,194,158
40,H,141,22
81,T,9,11
151,Z,199,5
88,U,141,109
155,I,154,158
6,M,122,200
26,J,83,94
142,E,33,177
132,D,129,73
160,V,164,58
171,J,37,169
101,L,42,59
122,P,138,11
55,G,42,181
181,T,60,138
19,I,44,94
80,I,34,57
73,L,131,87
167,V,177,108
140,R,141,154
174,V,2,162
11,F,127,30
180,V,134,190
170,V,113,143
37,V,170,48
6,S,165,7
191,A,116,52
149,H,107,174
97,H,84,1
2,I,145,178
142,A,176,163
162,A,58,46
176,M,96,63
38,F,95,66
9,R,190,70
55,B,141,180
19,U,23,26
122,B,23,75
157,M,192,195
126,R,116,58
26,V,158,148
194,Y,62,3
150,U,78,198
148,W,186,181
157,E,27,157
62,O,158,146
132,L,50,4
158,Z,11,55
1,Y,93,50
29,J,152,125
32,K,102,80
31,G,85,65
81,T,121,37
143,N,178,30
123,D,3,38
166,V,86,55
104,U,178,76
179,Y,21,175
47,F,35,131
96,H,109,16
37,I,21,57
53,S,96,124
132,F,180,18
76,R,168,157
133,Y,95,182
32,S,40,195
89,K,170,93
188,M,86,179
126,J,9,161
102,Z,170,121
60,Z,160,148
34,Q,196,100
136,T,112,32
76,S,197,144
169,E,42,153
111,F,133,31
68,M,31,174
72,A,21,188
165,X,134,173
67,U,137,132
115,M,5,32
188,Z,195,166
134,W,152,83
79,R,139,167
22,O,7,73
55,B,64,54
10,A,130,142
38,Y,8,10
74,I,79,166
130,W,6,177
155,L,10,134
31,Y,153,158
158,X,199,134
6,L,148,72
108,C,10,40
58,B,14,63
58,P,191,86
26,Z,160,192
158,G,25,73
154,G,121,67
26,U,3,16
154,N,34,95
52,V,30,164
1,D,44,10
127,V,44,68
189,M,86,49
132,V,21,93
118,B,79,78
194,Q,139,5
113,T,21,36
155,N,47,102
87,X,164,183
198,I,172,51
159,Z,166,162
100,K,175,103
198,H,22,127
183,V,140,115
176,B,111,97
23,T,69,28
152,Z,133,153
44,V,101,129
59,J,43,58
126,A,124,31
144,B,49,148
46,C,50,197
60,H,159,16
170,F,32,156
122,R,33,177
166,J,170,200
62,H,66,104
178,K,32,116
55,P,189,126
153,T,131,90
157,T,72,113
178,O,25,195
79,Z,33,16
12,A,117,135
34,K,48,144
106,V,197,118
40,O,127,181
145,C,120,139
162,N,181,148
165,N,148,184
199,A,129,193
139,N,87,44
124,H,159,186
178,X,1,109
91,U,17,66
62,D,80,5
1,W,98,64
80,E,73,193
159,E,120,29
145,L,38,79
169,K,47,103
148,O,139,68
25,Z,44,111
87,G,24,48
10,E,3,173
44,P,16,3
142,D,121,65
162,K,199,113
4,W,178,127
180,X,42,155
86,A,21,55
48,X,79,63
56,F,3,179
111,T,115,42
50,Z,91,21
68,F,180,40
31,H,80,187
67,Z,161,28
84,Z,162,114
168,B,148,124
78,M,66,54
167,E,158,37
112,L,190,196
27,A,95,119
120,T,144,45
118,T,152,152
63,W,177,188
163,B,102,179
120,V,158,105
191,H,51,80
198,H,168,28
45,P,147,25
61,F,167,194
159,I,128,114
145,R,99,193
73,M,82,28
147,I,123,111
43,M,40,111
123,K,50,149
77,L,67,67
189,I,42,48
157,Q,48,33
22,M,45,67
182,Z,86,133
10,I,158,93
20,U,196,84
103,O,66,198
155,N,7,65
121,W,23,190
116,N,133,26
163,E,130,15
53,C,16,69
31,V,57,187
56,Y,74,169
163,M,173,114
18,L,14,46
104,O,45,32
152,R,51,70
159,C,7,92
10,X,48,169
110,Y,191,195
17,L,145,9
48,N,108,41
93,U,136,186
99,Y,147,8
190,W,171,91
95,P,61,183
186,B,7,29
93,G,152,185
189,D,68,194
189,T,98,164
150,X,62,143
119,Y,158,74
41,Q,136,185
144,N,193,80
38,S,59,83
6,C,137,78
60,D,77,87
19,M,90,137
180,J,164,52
16,G,115,105
34,Q,132,165
182,F,142,62
104,V,93,190
152,F,46,155
0,Y,113,82
137,X,199,191
51,I,112,158
38,Z,78,10
5,D,32,50
172,R,148,112
172,Z,26,126
190,N,158,182
124,C,96,118
15,Q,54,114
187,A,85,9
144,X,68,33
122,Z,111,69
56,I,165,129
159,V,148,2
110,C,48,189
190,N,111,114
38,I,183,23
143,L,54,59
53,R,184,89
44,V,10,115
140,D,185,20
58,Y,61,198
181,E,159,23
24,I,158,43
74,R,94,74
88,U,145,115
60,M,38,25
170,S,192,129
13,D,95,93
54,O,61,112
88,F,181,152
100,D,45,151
180,O,95,81
177,A,49,186
196,P,121,84
153,Z,170,154
117,Y,188,149
89,P,149,187
102,W,7,176
165,S,65,30
78,E,29,186
55,J,193,5
52,N,81,65
145,H,168,149
25,T,56,200
2,Z,146,92
117,H,183,138
76,K,115,174
47,O,192,182
68,L,129,45
131,A,7,83
165,G,80,19
34,E,85,8
105,I,69,83
113,S,169,88
87,Y,4,117
179,F,86,188
134,P,107,48
7,M,191,44
189,C,77,82
200,X,12,190
66,U,198,138
133,W,173,72
45,F,61,58
43,W,25,105
72,V,40,122
175,A,51,117
94,C,119,6
19,U,148,99
65,R,104,25
61,U,84,40
159,S,168,38
69,B,111,65
36,O,76,4
7,K,123,169
164,N,124,117
79,Y,112,151
169,T,131,75
56,I,184,96
5,J,147,127
74,T,153,149
96,J,133,142
164,G,127,121
167,J,71,185
4,H,134,134
14,K,24,29
15,C,120,76
41,Q,92,68
180,A,124,23
94,I,48,53
47,M,187,82
104,L,44,61
187,F,24,109
94,Q,172,185
77,O,99,123
8,K,195,135
35,T,98,187
71,X,103,51
162,Z,44,51
39,Q,3,189
74,O,33,171
129,C,72,23
14,N,27,50
90,X,143,160
46,X,80,101
43,E,47,5
83,H,173,70
35,I,87,77
43,N,66,94
23,K,33,132
162,H,36,164
11,U,28,50
150,Z,25,28
77,R,62,122
190,N,112,189
136,T,109,15
29,A,155,13
9,H,105,196
194,I,142,22
179,Y,13,15
149,N,111,83
199,Q,159,150
27,O,128,56
79,R,61,47
117,K,137,131
86,V,0,169
151,C,93,75
112,N,23,143
140,F,155,59
125,H,192,107
170,O,110,106
143,C,199,164
42,X,193,25
150,I,130,180
200,J,185,24
68,Q,78,24
131,E,181,89
134,L,156,84
51,Z,110,112
10,M,187,46
47,P,85,80
74,U,93,62
41,N,77,50
190,X,70,38
96,L,200,129
149,Q,79,173
189,P,35,47
40,F,105,78
198,C,104,185
45,K,188,17
195,W,23,81
41,E,127,126
40,D,200,38
34,J,29,85
124,Y,85,82
81,A,133,58
52,B,104,45
85,H,76,88
43,J,184,26
21,G,186,165
177,R,6,83
116,E,67,153
151,Z,173,22
152,H,145,178
9,A,187,145
98,K,145,43
89,F,171,42
51,I,105,88
21,V,121,48
119,U,91,140
88,N,94,162
127,C,67,171
200,Y,71,63
75,R,161,42
106,E,154,14
151,E,88,60
199,G,138,179
69,Z,83,82
181,L,195,193
115,O,100,185
49,T,72,188
125,H,199,189
55,S,65,50
129,D,122,19
114,Z,168,140
144,I,175,146
184,D,88,27
158,W,59,30
17,B,36,81
98,H,101,181
27,X,123,197
93,I,13,139
166,R,133,44
64,E,37,148
171,Z,110,50
43,J,139,64
126,K,137,47
116,A,198,77
48,G,131,155
20,E,26,141
81,N,68,65
37,J,25,91
92,R,167,183
127,O,107,10
187,K,98,95
84,J,34,191
95,K,0,46
29,B,33,55
7,N,156,27
179,H,2,190
185,O,21,174
159,F,113,51
114,K,152,78
129,Z,6,179
164,Z,24,170
25,X,56,128
32,T,156,155
156,A,121,113
41,Y,117,91
64,S,64,158
79,K,175,3
178,R,127,113
77,P,156,187
59,L,45,118
172,C,73,27
162,U,83,184
63,Z,119,137
153,A,31,135
51,M,88,199
96,O,46,181
85,I,52,188
112,Q,154,96
194,Q,68,24
41,D,5,35
19,C,151,73
124,P,10,58
148,S,11,163
18,L,119,73
72,B,159,177
126,B,6,100
7,E,58,124
20,H,88,158
75,B,51,73
26,I,22,56
24,Z,147,83
91,L,28,26
15,P,177,108
91,U,63,160
148,Y,29,193
71,G,87,188
84,Y,173,196
124,B,98,133
153,W,150,62
191,J,155,192
93,W,28,56
147,L,183,89
175,C,105,178
149,H,186,173
29,T,145,139
49,F,174,56
102,W,99,67
101,Q,160,12
51,E,26,16
153,P,105,87
50,Q,151,113
43,R,85,74
41,P,25,84
101,L,121,7
169,R,103,103
138,Z,77,129
85,G,32,183
48,K,69,63
111,N,28,66
118,X,71,125
178,L,146,27
22,D,132,33
129,B,148,78
95,X,98,33
93,J,184,172
6,M,195,181
79,E,108,105
104,C,146,182
23,Y,75,11
48,V,68,184
10,Y,33,114
73,Y,78,149
160,U,198,110
52,Z,5,64
169,O,198,190
101,U,185,6
48,L,85,198
3,H,79,3
72,K,160,176
180,C,21,67
60,D,37,4
42,R,31,101
105,W,83,90
179,O,4,35
30,M,1,87
57,O,38,149
199,D,22,148
165,T,35,112
63,P,180,27
157,J,17,38
23,U,117,43
176,M,177,151
9,F,195,86
135,V,195,193
53,K,29,82
135,K,172,80
94,O,99,192
131,O,97,146
129,S,101,40
188,R,92,181
67,P,61,47
71,L,34,179
145,L,91,183
189,V,136,164
158,C,149,182
9,F,178,46
179,Z,116,177
191,D,80,49
118,V,0,137
187,I,140,159
0,Q,70,47
76,B,25,123
68,K,84,146
198,W,191,174
20,O,36,6
32,R,1,70
174,E,149,123
48,C,33,180
33,S,186,101
155,E,170,156
30,G,15,128
20,T,154,66
47,H,178,131
61,X,63,74
156,P,114,79
6,Q,140,176
11,C,48,30
21,Q,131,50
126,M,121,52
168,S,160,29
156,M,40,102
177,A,138,57
37,S,97,188
66,A,94,27
26,S,75,185
63,O,81,22
117,U,189,118
157,A,81,45
36,C,105,38
88,A,6,75
183,Q,67,100
51,U,194,177
139,G,167,191
80,W,191,191
183,M,61,191
174,W,78,4
145,V,41,34
9,Z,1,21
3,Q,177,94
33,K,199,142
35,T,91,192
164,F,50,101
100,S,7,192
61,I,107,165
32,E,93,191
196,B,79,140
62,U,139,113
81,S,4,130
152,I,110,183
23,V,198,58
173,H,40,159
107,S,58,7
90,C,11,85
139,V,199,185
37,F,171,74
146,O,172,45
42,R,27,75
91,I,99,19
197,H,104,156
148,W,124,97
25,G,174,15
162,L,43,2
134,F,129,108
40,D,44,138
69,U,115,159
123,C,24,144
196,Y,128,123
85,B,88,134
0,C,120,96
171,K,132,189
1,N,1,184
148,U,185,137
156,X,67,97
149,S,119,162
59,G,92,89
44,Q,131,158
26,R,139,117
83,F,118,141
54,K,70,143
191,D,114,67
182,K,138,24
119,I,57,22
157,H,68,170
5,M,197,44
197,D,131,112
56,S,142,33
30,W,57,126
199,W,14,145
14,B,45,122
39,V,8,94
136,J,3,64
38,K,53,72
81,R,18,200
122,C,46,20
199,I,20,154
188,T,122,26
91,W,158,143
100,X,182,110
40,O,137,2
169,T,63,57
176,X,28,36
68,V,11,44
157,D,46,59
189,Q,22,145
87,D,47,142
165,B,14,94
84,Z,174,104
152,X,128,151
51,E,122,12
4,P,185,91
2,Z,173,88
24,P,126,131
175,B,90,111
117,W,19,87
88,C,97,130
14,J,71,170
181,S,49,142
62,W,31,100
120,D,65,85
117,D,18,27
144,P,73,184
0,T,126,132
151,Z,83,70
104,O,99,123
145,N,177,12
105,E,61,48
196,E,47,157
48,H,160,81
120,Q,84,18
18,U,37,15
197,A,67,106
55,I,102,30
177,Y,102,185
119,D,85,23
56,V,133,77
148,C,159,189
72,X,153,168
175,T,127,71
108,P,178,138
81,A,108,113
154,A,19,112
120,B,23,5
112,J,134,185
125,M,47,123
152,D,186,156
117,T,77,192
198,P,60,47
70,F,103,84
156,I,32,26
69,C,133,91
85,Y,15,14
112,W,136,42
50,F,119,152
100,K,100,72
25,H,113,63
58,N,113,36
75,D,43,159
125,F,99,133
141,H,112,107
71,J,200,69
47,F,7,16
88,H,34,144
68,K,114,144
73,O,125,194
13,T,6,52
182,U,96,182
38,O,37,113
138,D,103,43
136,A,74,107
30,Q,110,59
44,E,110,81
124,U,40,32
129,D,76,190
69,D,192,163
175,Y,5,72
143,V,187,24
195,J,7,154
3,V,10,46
93,L,173,186
89,K,110,107
15,L,43,74
57,I,6,101
151,M,62,132
55,O,73,87
96,X,39,83
58,T,119,170
109,E,185,19
132,Q,41,65
68,A,143,160
34,T,67,194
190,W,169,51
79,Q,69,190
43,Q,122,151
181,M,154,174
148,U,177,11
197,S,15,137
137,H,30,75
149,W,153,141
178,T,81,109
96,O,107,77
156,M,179,16
98,U,24,176
137,F,65,131
167,C,122,121
32,N,76,147
74,Y,141,84
75,F,146,175
83,F,15,116
123,V,157,71
39,N,174,36
140,V,15,110
58,D,95,112
8,R,197,66
131,M,132,35
162,J,101,46
183,J,175,165
22,E,185,56
163,W,45,105
188,T,124,129
77,C,55,52
131,I,174,178
3,M,16,64
94,S,57,189
160,G,172,25
198,R,131,55
82,M,136,7
197,R,93,1
118,I,143,14
195,V,7,187
69,A,59,41
67,N,173,77
61,P,183,29
115,T,187,137
168,V,96,4
134,P,104,136
85,E,98,105
62,S,18,21
91,S,127,165
27,B,171,2
5,B,50,160
83,Y,50,56
59,F,113,173
22,A,10,20
72,K,171,76
62,J,110,62
70,B,101,168
9,G,154,192
75,T,140,110
49,L,171,113
21,Q,156,188
16,Z,95,128
52,O,58,21
109,X,25,160
89,U,74,158
133,G,73,72
71,W,14,14
183,U,157,154
36,L,170,183
197,A,31,156
37,Y,96,166
20,Q,80,1
156,J,50,140
137,K,83,110
104,X,167,178
85,M,88,57
23,S,80,31
139,V,30,86
22,X,102,3
182,H,197,101
75,J,152,29
80,F,87,84
69,R,62,149
37,E,15,89
192,O,173,57
74,T,193,41
95,C,67,139
27,G,155,148
128,O,84,67
0,Z,162,72
13,S,172,171
110,D,62,142
132,N,23,40
128,I,34,84
129,L,104,73
106,X,8,158
45,D,61,21
151,W,95,143
127,J,161,51
200,B,160,188
164,W,108,42
38,O,62,187
0,W,133,143
119,T,40,116
60,M,38,125
127,V,102,161
87,U,110,138
148,N,58,89
127,B,191,146
54,Q,36,164
7,N,198,99
124,K,21,21
167,Y,51,126
42,P,179,139
19,M,67,84
100,Q,22,68
80,V,42,91
147,X,16,188
124,K,61,126
125,C,9,60
170,P,54,72
177,F,9,10
38,F,177,86
132,K,153,190
43,U,122,130
108,Q,175,112
101,Y,120,83
198,Z,129,142
10,G,177,76
118,D,3,57
49,Z,66,197
123,E,51,15
21,V,17,24
130,R,45,78
109,U,138,137
49,T,132,72
169,T,23,41
42,S,108,88
31,S,41,179
83,R,105,6
142,D,161,62
61,I,20,5
155,D,19,156
7,M,130,166
155,A,138,88
89,U,2,18
134,J,157,86
20,T,88,184
23,E,103,197
177,K,170,38
40,K,23,121
131,D,179,133
153,D,174,145
62,J,55,125
8,M,94,90
113,U,15,189
17,Z,17,189
55,S,84,149
175,G,9,7
32,B,117,183
47,J,19,136
32,B,15,185
50,N,53,63
43,H,128,25
57,P,81,140
125,W,13,79
75,Q,183,60
198,O,14,19
63,Y,43,150
51,J,153,74
59,T,165,162
193,E,54,187
89,C,173,65
148,N,196,192
131,G,8,100
147,H,18,112
81,G,155,129
186,T,143,106
124,K,70,73
168,Q,69,180
177,B,138,162
65,H,136,141
113,C,10,12
96,C,191,81
65,K,103,80
108,D,150,75
131,R,31,124
88,Y,97,20
133,I,32,63
129,C,131,41
11,A,15,90
23,Y,99,61
46,U,185,127
39,H,137,31
31,H,80,123
187,R,156,191
85,R,147,34
164,M,80,105
24,E,105,27
136,W,60,42
34,X,98,44
74,U,22,8
200,N,55,200
84,Z,162,88
105,K,146,146
94,N,54,74
104,X,170,72
43,O,181,190
130,F,16,151
16,G,47,90
176,Y,58,168
194,E,198,182
112,Q,19,9
190,N,16,60
9,D,131,194
98,M,100,138
146,X,180,166
16,V,39,176
189,M,34,38
103,O,80,29
38,M,181,47
61,S,6,137
61,G,156,183
59,Q,146,97
158,Q,27,27
141,B,175,98
103,C,168,73
42,M,42,51
104,I,6,150
4,U,153,191
160,Z,18,96
172,D,49,45
193,J,54,53
111,T,187,179
83,X,40,57
188,Y,116,12
86,S,39,100
176,X,74,32
131,V,171,179
166,O,186,156
148,M,163,176
172,A,60,1
199,F,85,58
60,Z,39,89
132,H,36,80
51,H,56,12
1,S,101,188
7,L,76,151
177,K,121,151
45,M,67,86
35,T,134,89
32,C,170,51
190,P,59,34
1,R,103,82
130,Y,89,191
68,M,96,155
95,X,187,35
181,L,61,55
122,Y,11,40
146,F,189,49
59,M,8,120
65,O,45,11
17,U,163,8
183,S,59,81
14,O,148,39
65,E,106,13
94,O,195,105
190,X,163,178
32,M,41,194
6,A,141,53
136,L,98,166
76,G,166,16
131,S,130,104
82,S,115,197
123,P,141,40
183,I,69,80
188,F,84,120
72,Q,80,101
6,T,170,200
69,T,49,32
90,U,21,97
172,S,22,125
190,K,130,35
128,R,137,34
193,O,68,81
45,Y,154,19
74,G,130,188
172,Y,92,174
127,N,87,0
129,Z,94,67
41,P,18,28
1,T,126,176
65,D,96,116
88,G,30,150
143,S,138,49
129,T,172,17
118,F,34,152
58,O,105,115
103,E,130,159
86,Q,107,198
7,Y,107,37
118,W,172,197
10,K,140,163
195,R,174,128
150,M,189,2
94,V,94,129
109,Y,134,92
146,R,37,127
132,Y,9,139
100,U,61,26
41,G,146,148
41,O,35,153
78,P,198,125
104,U,67,24
92,R,191,53
33,Z,96,102
171,W,5,161
198,D,109,189
0,E,172,155
28,K,94,47
84,H,112,146
180,V,112,183
14,G,66,139
157,B,89,120
169,I,147,25
85,K,161,200
135,I,178,151
158,J,45,178
51,L,40,165
1,V,107,133
88,C,90,149
12,E,78,172
17,L,15,89
154,Y,54,163
164,H,37,112
181,Z,88,60
185,A,119,130
171,B,169,12
151,G,197,162
112,Q,78,29
5,V,49,95
162,O,200,162
39,N,63,86
65,X,67,30
16,H,24,27
189,D,187,167
146,V,145,74
8,I,125,2
170,J,175,43
164,W,3,13
113,Y,126,161
84,A,12,198
148,L,117,85
56,Z,42,18
47,R,3,65
86,W,30,22
57,C,21,61
109,I,7,159
4,I,109,137
161,M,45,168
76,K,196,11
104,N,199,8
192,R,174,144
13,S,76,176
78,K,56,34
62,Q,57,54
198,J,61,198
85,C,159,39
125,K,16,165
126,X,115,82
122,R,26,60
134,W,47,69
78,U,192,136
168,T,135,94
177,M,172,151
77,U,89,152
134,O,1,3
53,Q,145,103
45,K,101,6
38,X,82,184
33,E,82,123
62,H,200,78
85,F,8,122
86,Z,50,140
60,H,28,22
4,F,186,62
199,Y,37,170
62,J,151,85
112,D,40,142
27,L,15,99
26,P,75,100
63,Y,191,3
160,X,110,132
139,A,60,140
21,D,28,69
129,N,43,12
191,O,54,115
70,Z,111,52
16,Q,76,148
43,C,80,134
14,U,157,117
69,C,107,122
106,M,13,136
191,Z,1,21
55,F,134,198
73,E,172,147
55,O,125,92
66,A,47,62
164,X,96,149
81,Q,6,30
168,O,129,112
161,O,27,92
162,K,192,51
185,T,143,37
168,C,156,51
12,E,187,98
39,M,3,40
117,O,76,58
113,J,174,78
30,N,154,3
181,P,185,144
70,I,152,181
115,A,103,147
164,Y,112,125
3,Z,34,17
70,X,92,59
107,W,176,11
97,F,23,107
152,J,173,118
24,K,150,71
20,F,9,101
64,G,44,84
189,D,127,170
40,A,50,105
173,H,101,16
30,P,148,180
48,Y,3,56
31,U,35,107
19,M,134,180
132,N,159,135
143,K,165,26
51,O,129,15
181,B,45,166
111,R,80,43
68,A,169,126
111,L,38,24
4,N,110,19
124,Z,136,43
32,J,192,20
81,V,59,153
80,X,68,113
162,B,128,7
118,V,97,159
60,E,116,183
140,B,122,9
133,L,90,49
145,V,199,172
176,D,7,108
190,T,91,109
43,U,198,153
178,V,94,143
108,N,70,93
44,D,19,95
44,B,49,107
20,T,33,193
139,P,17,27
188,I,4,74
125,I,96,151
187,N,157,102
63,L,57,174
135,A,1,67
13,J,57,130
170,L,45,72
155,P,144,99
85,I,143,58
17,H,102,156
114,V,82,141
15,E,169,156
187,K,115,127
31,M,128,130
94,J,175,171
82,O,73,63
75,W,62,117
132,X,177,90
188,P,4,79
86,L,101,28
96,A,189,48
80,E,8,139
13,A,103,109
142,L,176,48
88,U,150,92
10,C,45,21
106,G,118,84
22,O,118,178
109,J,41,77
23,J,46,77
191,X,97,43
76,M,131,112
49,G,181,24
112,I,46,87
0,U,68,59
164,A,129,97
14,L,151,181
42,M,110,198
64,J,103,39
79,K,93,9
100,C,95,61
186,U,102,109
191,N,126,11
126,J,42,75
78,A,31,46
102,B,108,71
59,X,167,73
85,T,32,92
16,Z,76,50
182,E,139,144
167,H,126,125
55,L,25,17
131,T,143,88
146,B,19,192
89,V,137,18
2,I,90,116
27,M,2,150
117,Z,191,120
121,J,89,157
131,Y,19,49
119,S,117,68
33,G,141,101
47,H,172,53
116,T,33,21
7,S,192,168
68,O,179,117
125,Q,169,137
65,M,41,41
95,E,188,200
52,Y,160,120
50,X,100,143
50,M,86,0
129,V,186,113
83,N,111,139
2,X,41,200
66,Z,48,179
96,A,87,76
154,W,147,14
46,F,162,89
42,Z,72,127
146,V,132,176
115,G,62,55
112,K,27,138
154,J,29,17
133,I,18,61
107,S,140,122
27,U,56,91
155,Q,32,146
60,G,119,34
152,A,183,175
58,C,9,97
141,S,11,83
52,D,90,70
84,T,198,37
160,F,199,44
53,V,93,56
112,P,159,46
127,G,66,113
170,X,127,8
18,I,106,20
66,P,139,168
152,L,192,96
9,T,138,77
198,Y,3,193
112,Q,180,9
117,M,113,188
110,O,101,190
83,K,34,189
35,D,158,112
103,H,152,140
73,H,77,131
148,H,148,102
134,H,110,78
174,K,64,10
22,T,87,147
98,X,19,51
57,U,158,129
191,O,136,162
77,L,72,56
184,H,177,160
196,X,164,105
127,F,58,176
64,Z,188,38
42,T,174,134
23,M,15,185
78,Z,176,175
169,N,28,115
33,P,154,93
133,G,27,68
21,X,151,45
183,J,163,119
55,G,63,138
183,P,46,185
31,P,63,63
137,I,158,1
16,P,199,65
110,G,198,103
73,J,73,167
16,J,36,192
193,U,97,49
193,N,73,108
83,Q,50,8
65,R,185,152
22,A,195,177
193,B,192,31
150,Q,162,54
127,H,104,144
25,Y,172,43
60,K,71,172
186,V,116,194
185,G,114,179
94,R,198,3
131,Q,166,82
96,R,125,50
13,K,18,159
175,L,154,153
7,E,32,85
151,Z,48,109
27,K,154,42
173,I,172,138
101,A,40,54
21,C,183,112
198,B,12,60
177,S,58,125
141,U,131,42
143,K,117,131
165,K,77,35
28,C,54,69
59,E,95,35
102,U,171,190
16,V,140,145
158,X,37,186
79,O,146,164
25,M,147,44
39,F,116,185
68,I,8,189
140,U,8,29
37,Z,48,109
7,R,26,23
187,F,33,129
137,J,57,93
111,Y,159,169
42,T,136,189
29,I,128,7
29,W,106,193
14,Z,40,168
119,V,126,115
44,B,73,38
34,O,136,5
185,J,46,126
147,I,177,108
50,K,169,111
88,C,89,63
97,W,157,154
141,M,138,8
60,J,12,23
34,M,67,75
175,Q,8,5
191,Z,50,36
134,E,109,136
147,T,50,65
119,F,67,133
98,O,57,182
88,X,28,159
36,I,120,24
101,F,165,88
124,O,15,175
48,N,0,167
41,M,25,106
93,H,136,124
89,W,156,195
152,H,190,69
175,C,135,22
80,J,129,136
34,Y,187,31
186,F,98,190
20,Q,151,179
107,T,161,115
170,P,70,44
182,Y,189,76
119,F,141,193
17,C,158,178
71,F,15,134
108,P,34,27
58,X,180,192
77,E,168,69
60,N,160,31
4,B,168,181
141,N,40,172
20,D,95,27
1,G,160,113
95,X,122,175
194,B,54,189
57,L,46,160
111,O,6,27
92,I,81,177
6,N,159,139
87,N,19,48
73,C,143,3
54,W,129,127
175,J,130,176
101,H,29,79
119,M,195,140
56,W,16,86
44,I,192,21
152,N,155,69
68,J,68,76
126,Y,32,128
182,F,13,73
198,G,54,161
22,R,117,31
62,L,92,109
114,N,62,97
80,E,11,5
162,F,92,19
73,J,150,140
67,X,164,71
21,H,17,123
139,J,38,143
20,Q,154,64
53,I,39,199
108,M,113,93
81,F,92,92
23,L,168,115
16,B,3,116
88,V,122,60
21,N,151,97
109,Z,107,190
137,B,124,74
11,T,97,161
194,K,3,56
179,N,46,13
189,H,128,150
193,C,10,147
173,Q,7,86
52,N,160,157
187,D,58,150
63,F,82,169
174,X,147,32
60,S,116,89
107,H,28,193
187,D,17,63
177,W,137,9
113,C,32,159
156,Z,41,188
19,M,88,22
115,K,21,182
188,D,67,197
35,H,68,154
190,V,199,157
105,X,154,36
0,U,185,116
97,Q,143,171
112,U,181,51
19,U,190,193
108,I,137,36
183,W,63,176
28,X,26,128
131,P,183,125
138,N,115,137
122,Q,85,150
101,K,165,139
43,Z,81,130
24,Q,195,100
89,W,23,194
88,I,138,87
156,Z,36,184
14,H,88,99
103,L,172,168
137,W,101,35
168,G,128,131
90,K,131,65
86,H,2,102
138,J,19,79
169,O,13,91
185,O,54,115
6,Y,8,66
160,D,108,129
170,Q,13,100
196,S,196,168
71,N,18,56
130,W,2,178
192,Q,18,115
188,V,105,165
149,C,34,153
65,E,136,199
195,E,157,54
11,Z,168,91
193,L,47,120
117,B,137,24
131,I,93,37
68,J,65,108
115,Q,43,62
57,U,121,145
176,W,41,38
154,U,114,93
64,H,13,188
200,E,63,31
124,Q,36,119
37,T,68,83
167,P,184,99
60,S,73,114
188,D,31,146
64,I,167,1
95,V,21,150
182,X,50,61
76,Z,132,86
109,D,163,74
198,P,96,56
127,Y,127,65
48,I,19,189
29,R,49,102
82,T,175,13
81,F,8,148
179,N,196,160
15,B,110,88
74,H,164,180
128,L,15,129
128,O,192,28
84,H,191,53
61,W,74,198
8,V,37,59
149,X,180,89
111,K,188,24
63,S,165,60
39,A,105,82
39,C,57,60
69,K,92,148
45,V,174,200
30,N,87,93
43,T,200,106
177,S,159,145
65,Y,82,183
62,K,46,76
29,X,196,61
8,O,155,55
173,M,40,23
146,V,106,187
130,L,61,35
174,H,89,145
175,B,170,134
149,R,101,34
116,O,166,107
200,M,103,139
122,R,82,97
9,F,58,46
136,Z,168,133
76,B,37,162
110,O,123,157
183,N,97,194
143,C,14,97
56,V,77,32
170,B,53,72
14,I,130,63
94,T,156,192
197,Q,86,169
143,L,108,196
196,L,13,137
46,S,56,177
66,K,172,133
155,J,3,42
24,V,178,122
108,J,171,10
88,T,99,134
58,G,189,64
121,P,153,84
59,X,200,5
98,L,74,143
113,H,99,159
16,M,143,179
176,M,42,98
160,O,44,184
52,J,11,89
69,K,170,127
193,G,149,7
161,H,41,2
184,S,96,117
110,K,167,10
128,Z,105,78
193,S,163,136
133,P,175,83
133,P,17,171
46,P,18,170
4,G,15,47
49,P,75,168
126,Q,67,39
115,Y,116,191
22,R,45,65
134,F,188,108
93,I,52,8
67,M,135,50
55,J,157,27
68,E,26,170
177,C,88,27
77,O,79,162
26,S,11,157
87,W,6,89
150,F,51,58
23,S,196,124
158,B,123,137
26,K,53,25
30,L,57,169
181,J,154,97
60,F,93,120
159,T,197,161
136,M,177,16
45,J,98,120
28,U,105,1
89,Z,165,140
193,Z,66,146
198,Q,60,0
146,E,39,182
144,K,81,25
123,C,138,51
126,H,129,36
184,U,125,135
109,Q,186,148
192,Q,197,11
95,A,135,143
196,R,104,25
119,V,89,189
52,J,5,92
178,D,198,147
112,F,59,30
170,M,160,88
72,C,4,48
192,E,76,90
121,G,96,60
189,U,145,74
90,E,111,176
23,S,187,88
43,Y,153,15
107,M,27,133
185,Z,29,92
185,K,133,47
117,A,121,101
179,P,134,87
12,S,180,185
16,A,83,38
172,Q,119,179
28,Y,36,132
113,I,85,20
48,I,139,2
152,P,14,117
5,K,14,133
180,Z,133,160
165,T,163,165
30,N,171,142
143,F,39,78
51,O,88,135
174,K,41,54
102,W,100,87
177,C,16,130
115,V,57,1
100,Q,106,91
35,L,52,154
18,R,124,33
62,M,1,33
41,W,138,78
73,L,173,186
186,B,91,0
95,X,153,79
56,R,110,65
111,X,128,157
64,H,99,199
111,K,132,191
43,R,96,84
194,N,181,81
9,J,60,132
20,H,182,167
143,G,37,115
41,U,111,196
163,F,138,98
150,N,194,92
28,J,180,200
47,X,50,48
175,D,126,23
18,S,85,123
91,G,178,166
15,B,170,174
60,O,97,0
41,Y,119,56
2,Y,87,98
184,T,137,153
173,P,68,38
43,O,53,54
169,O,143,102
3,U,82,34
199,E,110,42
64,U,36,66
85,L,159,162
181,C,52,132
146,P,115,79
90,C,167,158
113,A,68,118
32,H,18,100
172,Y,39,37
127,S,31,184
190,O,140,104
50,V,109,118
79,F,0,2
197,U,176,133
121,V,175,122
77,N,192,28
166,U,79,10
181,R,108,118
65,F,82,37
140,O,55,97
88,A,158,6
50,P,73,109
174,N,161,191
117,J,182,131
41,K,5,166
153,Q,13,106
198,L,70,183
184,T,192,46
96,I,134,16
147,O,63,14
85,B,138,21
159,Z,48,162
3,Q,172,11
143,S,52,137
200,U,2,174
122,E,181,66
141,M,44,85
166,I,74,100
89,F,133,48
100,K,35,161
52,A,155,20
164,U,165,23
95,A,62,19
79,V,60,126
196,R,154,134
159,H,42,121
70,E,158,67
157,R,153,198
37,J,122,11
127,Q,41,173
166,H,130,41
37,G,94,96
183,L,75,170
141,B,92,192
198,J,51,19
99,M,165,173
41,G,112,117
107,P,7,7
20,O,93,151
39,T,116,120
113,L,189,95
44,S,74,97
181,E,148,185
188,A,131,144
160,N,15,13
45,J,184,57
137,W,196,78
21,T,195,77
177,A,194,90
191,J,71,172
157,A,171,86
156,Z,110,91
31,P,147,57
20,D,25,98
165,M,181,125
17,H,149,127
161,P,6,153
13,H,185,124
124,J,108,116
100,L,56,114
102,K,189,195
196,R,22,91
26,I,183,32
88,A,188,110
23,Z,18,113
161,P,160,35
58,J,3,108
156,J,161,115
33,K,68,11
193,N,68,185
152,K,171,110
11,T,114,165
166,P,185,162
189,P,127,53
86,X,91,143
72,L,171,132
101,S,177,12
77,J,157,56
126,P,46,39
4,A,17,195
182,I,141,69
121,U,136,113
141,P,103,51
5,B,68,165
156,Q,95,195
61,R,200,34
54,G,20,163
153,K,151,199
140,I,172,67
76,V,138,134
16,F,154,77
32,L,138,185
124,H,12,143
166,H,37,73
79,R,81,53
147,Y,181,62
192,L,183,129
48,C,115,62
51,I,184,152
109,Q,93,33
95,W,11,11
152,D,148,0
61,F,183,89
187,Q,112,101
1,C,41,87
57,A,130,102
142,Z,89,126
17,C,148,54
56,B,99,98
71,K,182,2
46,F,49,199
98,H,65,82
131,B,21,85
79,D,37,2
125,H,11,146
111,I,113,27
166,O,134,182
33,O,130,199
27,W,144,173
60,I,106,139
90,O,40,186
29,Q,43,59
75,I,14,12
54,Q,6,90
96,J,163,170
97,K,106,151
94,F,127,189
